,Student ID,Grades,Pass/Fail
1,2000111,7.3,pass
2,2000112,7.7,pass
3,2000113,8.7,pass
4,2000114,10.0,pass
5,2000115,9.5,pass
6,2000116,8.7,pass
7,2000117,8.7,pass
8,2000118,8.7,pass
9,2000119,8.2,pass
10,2000120,8.2,pass
11,2000121,2.5,fail
12,2000122,2.7,fail
13,2000123,3.5,fail
14,2000124,2.3000000000000003,fail
15,2000125,4.2,fail
16,2000126,2.0,fail
17,2000127,2.0,fail
18,2000128,1.5,fail
19,2000129,3.0,fail
20,2000130,1.7999999999999998,fail
