,Student ID,Grades
1,2000111,7.3
2,2000112,7.7
3,2000113,8.7
4,2000114,10.0
5,2000115,9.5
6,2000116,8.7
7,2000117,8.7
8,2000118,8.7
9,2000119,8.2
10,2000120,8.2
11,2000121,2.5
12,2000122,2.7
13,2000123,3.5
14,2000124,2.3000000000000003
15,2000125,4.2
16,2000126,2.0
17,2000127,2.0
18,2000128,1.5
19,2000129,3.0
20,2000130,1.7999999999999998
